{
  "accuracy": 0.8,
  "means": {
    "pattern_avg_numeric_value": 331323344589978.8,
    "pattern_error_pattern_score": 0.3326005715541877,
    "pattern_level_severity": 3,
    "pattern_max_numeric_value": 5043624419903309,
    "pattern_min_numeric_value": 1.2969354279680616,
    "pattern_numeric_value_count": 13.445374449339207,
    "pattern_performance_pattern_score": 0.33985491316772914,
    "pattern_security_pattern_score": 0.08023741481644317,
    "pattern_warning_pattern_score": 0.1292591778412838,
    "statistical_day_of_month": 25,
    "statistical_day_of_week": 6,
    "statistical_events_per_hour": 2275,
    "statistical_events_per_minute": 83.89052539019565,
    "statistical_hour_of_day": 10.400527588480985,
    "statistical_level_frequency": 2275,
    "statistical_message_duplicate_count": 1.0094526269509783,
    "statistical_month": 10,
    "statistical_source_frequency": 837.1868542536821,
    "statistical_time_diff_seconds": 8.255496330064181,
    "temporal_avg_interval": 0.6730781705091826,
    "temporal_current_interval": 0.7090535164061142,
    "temporal_dow_cosine": 0.6234898018587646,
    "temporal_dow_sine": -0.7818314824680705,
    "temporal_max_interval": 218.1199931065542,
    "temporal_median_interval": 1.0720903851727117,
    "temporal_min_interval": -253.5992750120618,
    "temporal_regularity_score": 0,
    "temporal_std_interval": 18.36206119402189,
    "temporal_time_cosine": -0.881188987213995,
    "temporal_time_sine": 0.3845828314826916,
    "text_avg_word_length": 14.634592652237261,
    "text_char_count": 255.98483183117168,
    "text_digit_ratio": 0.186214554945777,
    "text_entropy": 4.882480665309197,
    "text_letter_ratio": 0.6155297136065471,
    "text_lowercase_count": 160.21806990547373,
    "text_message_length": 256.1285996922401,
    "text_pattern_0_count": 0.0008793141349747197,
    "text_pattern_1_count": 0,
    "text_pattern_2_count": 0,
    "text_pattern_3_count": 1.2037810507803912,
    "text_pattern_4_count": 0.12354363596394811,
    "text_pattern_5_count": 9.3286436579468,
    "text_pattern_6_count": 0.3134754891184876,
    "text_repetition_score": 0.030221131469893397,
    "text_space_ratio": 0.06328582443722769,
    "text_special_ratio": 0.13496990701044684,
    "text_unique_words": 16.182677511540998,
    "text_uppercase_count": 7.343811826775116,
    "text_word_count": 16.347768740382502
  },
  "percentiles": {
    "pattern_avg_numeric_value": {
      "1": 173.64877175933333,
      "25": 264.18872396284377,
      "5": 197.3468430730769,
      "50": 269.93854818493753,
      "75": 2831.1222385516876,
      "95": 19775154.034728665,
      "99": 128042335.44720082
    },
    "pattern_error_pattern_score": {
      "1": 0,
      "25": 0,
      "5": 0,
      "50": 0,
      "75": 1,
      "95": 1,
      "99": 1
    },
    "pattern_level_severity": {
      "1": 3,
      "25": 3,
      "5": 3,
      "50": 3,
      "75": 3,
      "95": 3,
      "99": 3
    },
    "pattern_max_numeric_value": {
      "1": 2025,
      "25": 2025,
      "5": 2025,
      "50": 2025,
      "75": 20386,
      "95": 802965085,
      "99": 4024336056.8199215
    },
    "pattern_min_numeric_value": {
      "1": 0,
      "25": 0,
      "5": 0,
      "50": 1,
      "75": 1,
      "95": 10,
      "99": 10
    },
    "pattern_numeric_value_count": {
      "1": 7,
      "25": 8,
      "5": 7,
      "50": 9,
      "75": 13,
      "95": 33,
      "99": 69
    },
    "pattern_performance_pattern_score": {
      "1": 0,
      "25": 0,
      "5": 0,
      "50": 0,
      "75": 0,
      "95": 3,
      "99": 6
    },
    "pattern_security_pattern_score": {
      "1": 0,
      "25": 0,
      "5": 0,
      "50": 0,
      "75": 0,
      "95": 1,
      "99": 1
    },
    "pattern_warning_pattern_score": {
      "1": 0,
      "25": 0,
      "5": 0,
      "50": 0,
      "75": 0,
      "95": 1,
      "99": 1
    },
    "statistical_day_of_month": {
      "1": 25,
      "25": 25,
      "5": 25,
      "50": 25,
      "75": 25,
      "95": 25,
      "99": 25
    },
    "statistical_day_of_week": {
      "1": 6,
      "25": 6,
      "5": 6,
      "50": 6,
      "75": 6,
      "95": 6,
      "99": 6
    },
    "statistical_events_per_hour": {
      "1": 46.480000000000004,
      "25": 1138,
      "5": 228.4,
      "50": 2275,
      "75": 3412,
      "95": 4321.599999999999,
      "99": 4503.5199999999995
    },
    "statistical_events_per_minute": {
      "1": 46.480000000000004,
      "25": 79,
      "5": 73,
      "50": 82,
      "75": 88,
      "95": 104,
      "99": 109
    },
    "statistical_hour_of_day": {
      "1": 7,
      "25": 10,
      "5": 8,
      "50": 11,
      "75": 11,
      "95": 11,
      "99": 11
    },
    "statistical_level_frequency": {
      "1": 46.480000000000004,
      "25": 1138,
      "5": 228.4,
      "50": 2275,
      "75": 3412,
      "95": 4321.599999999999,
      "99": 4503.5199999999995
    },
    "statistical_message_duplicate_count": {
      "1": 1,
      "25": 1,
      "5": 1,
      "50": 1,
      "75": 1,
      "95": 1,
      "99": 1
    },
    "statistical_month": {
      "1": 10,
      "25": 10,
      "5": 10,
      "50": 10,
      "75": 10,
      "95": 10,
      "99": 10
    },
    "statistical_source_frequency": {
      "1": 8,
      "25": 276,
      "5": 49,
      "50": 652,
      "75": 1270,
      "95": 2179.5999999999995,
      "99": 2361.5199999999995
    },
    "statistical_time_diff_seconds": {
      "1": 0.12335260428,
      "25": 4.28713543,
      "5": 0.8316583214,
      "50": 7.105616834,
      "75": 10.000759624,
      "95": 10.001742576200002,
      "99": 10.004012062480001
    },
    "temporal_avg_interval": {
      "1": 0.0005066129325,
      "25": 0.6990619500026802,
      "5": 0.6653557055624759,
      "50": 0.7105139530444559,
      "75": 0.7183254369920077,
      "95": 0.7234410761419076,
      "99": 0.7284344862586611
    },
    "temporal_current_interval": {
      "1": -8.84724664555,
      "25": -0.00004163725,
      "5": -7.50511314745,
      "50": 1.000660915,
      "75": 3.638965552,
      "95": 5.340591940949977,
      "99": 9.31783815688
    },
    "temporal_dow_cosine": {
      "1": 0.6234898018587334,
      "25": 0.6234898018587334,
      "5": 0.6234898018587334,
      "50": 0.6234898018587334,
      "75": 0.6234898018587334,
      "95": 0.6234898018587334,
      "99": 0.6234898018587334
    },
    "temporal_dow_sine": {
      "1": -0.78183148246803,
      "25": -0.78183148246803,
      "5": -0.78183148246803,
      "50": -0.78183148246803,
      "75": -0.78183148246803,
      "95": -0.78183148246803,
      "99": -0.78183148246803
    },
    "temporal_max_interval": {
      "1": 9.997178514,
      "25": 10.00136238,
      "5": 9.99911718,
      "50": 11.666769946,
      "75": 263.945576972,
      "95": 722.784673,
      "99": 722.784673
    },
    "temporal_median_interval": {
      "1": 0.0003976377649999999,
      "25": 0.985876756,
      "5": 0.8272616585000001,
      "50": 1.000488575,
      "75": 1.253069489,
      "95": 1.33254461,
      "99": 1.372274432
    },
    "temporal_min_interval": {
      "1": -724.435189274,
      "25": -445.9268273,
      "5": -724.435189274,
      "50": -9.699428982,
      "75": -9.502992926,
      "95": -9.281484878,
      "99": -9.281484878
    },
    "temporal_regularity_score": {
      "1": 6.147227165652939e-48,
      "25": 6.710490731382038e-27,
      "5": 2.2598501938233163e-29,
      "50": 0.0031405422525731903,
      "75": 0.0035271364759899533,
      "95": 0.003856013479857546,
      "99": 0.004100479694339759
    },
    "temporal_std_interval": {
      "1": 3.9332145602319324,
      "25": 4.028772507749064,
      "5": 3.967228046181985,
      "50": 4.090211425164323,
      "75": 41.329515632164146,
      "95": 45.19405594554882,
      "99": 62.61878596747776
    },
    "temporal_time_cosine": {
      "1": -0.9659258262890682,
      "25": -0.9659258262890682,
      "5": -0.9659258262890682,
      "50": -0.9659258262890682,